"id","transcript","duration_seconds","fact_count"
"sq-3002","On May 21, 2013, NFL owners at their spring meetings in Boston voted and awarded the game to Levi's Stadium. The $1.2 billion stadium opened in 2014. It is the first Super Bowl held in the San Francisco Bay Area since Super Bowl XIX in 1985, and the first in California since Super Bowl XXXVII took place in San Diego in 2003.","31.152","3"
"sq-0425","In 1874, Tesla evaded being drafted into the Austro-Hungarian Army in Smiljan by running away to Tomingaj, near Gračac. There, he explored the mountains in hunter's garb. Tesla said that this contact with nature made him stronger, both physically and mentally. He read many books while in Tomingaj, and later said that Mark Twain's works had helped him to miraculously recover from his earlier illness.","31.296","4"
"sq-0901","It was shown by Ladner that if P != NP then there exist problems in NP that are neither in P nor NP-complete. Such problems are called NP-intermediate problems. The graph isomorphism problem, the discrete logarithm problem and the integer factorization problem are examples of problems believed to be NP-intermediate. They are some of the very few NP problems not known to be in P or to be NP-complete.","32.640","4"
"sq-2571","Subsequent to the Conquest, however, the Marches came completely under the dominance of William's most trusted Norman barons, including Bernard de Neufmarché, Roger of Montgomery in Shropshire and Hugh Lupus in Cheshire. These Normans began a long period of slow conquest during which almost all of Wales was at some point subject to Norman interference. Norman words, such as baron (barwn), first entered Welsh at that time.","32.808","3"
"sq-0338","The principle of cross-cutting relationships pertains to the formation of faults and the age of the sequences through which they cut. Faults are younger than the rocks they cut; accordingly, if a fault is found that penetrates some formations but not those on top of it, then the formations that were cut are older than the fault, and the ones that are not cut must be younger than the fault. Finding the key bed in these situations may help determine whether the fault is a normal fault or a thrust fault.","34.464","3"
"sq-3203","Teaching in Canada requires a post-secondary degree Bachelor's Degree. In most provinces a second Bachelor's Degree such as a Bachelor of Education is required to become a qualified teacher. Salary ranges from $40,000/year to $90,000/yr. Teachers have the option to teach for a public school which is funded by the provincial government or teaching in a private school which is funded by the private sector, businesses and sponsors.","34.512","4"
"sq-2726","Southern California contains a Mediterranean climate, with infrequent rain and many sunny days. Summers are hot and dry, while winters are a bit warm or mild and wet. Serious rain can occur unusually. In the summers, temperature ranges are 90-60's while as winters are 70-50's, usually all of Southern California have Mediterranean climate. But snow is very rare in the Southwest of the state, it occurs on the Southeast of the state.","34.632","4"
"sq-2005","In 1521 Luther dealt largely with prophecy, in which he broadened the foundations of the Reformation placing them on prophetic faith. His main interest was centered on the prophecy of the Little Horn in Daniel 8:9–12, 23–25. The antichrist of 2 Thessalonians 2 was identified as the power of the Papacy. So too was the Little Horn of Daniel 7, coming up among the divisions of Rome, explicitly applied.","34.656","4"
"sq-4747","A regulation of the Rhine was called for, with an upper canal near Diepoldsau and a lower canal at Fußach, in order to counteract the constant flooding and strong sedimentation in the western Rhine Delta. The Dornbirner Ach had to be diverted, too, and it now flows parallel to the canalized Rhine into the lake. Its water has a darker color than the Rhine; the latter's lighter suspended load comes from higher up the mountains. It is expected that the continuous input of sediment into the lake will silt up the lake. This has already happened to the former Lake Tuggenersee.","40.680","5"
"sq-0229","Prevenient grace, or the grace that ""goes before"" us, is given to all people. It is that power which enables us to love and motivates us to seek a relationship with God through Jesus Christ. This grace is the present work of God to turn us from our sin-corrupted human will to the loving will of the Father. In this work, God desires that we might sense both our sinfulness before God and God's offer of salvation. Prevenient grace allows those tainted by sin to nevertheless make a truly free choice to accept or reject God's salvation in Christ.","40.776","5"
"sq-3790","AppleTalk was a proprietary suite of networking protocols developed by Apple Inc. in 1985 for Apple Macintosh computers. It was the primary protocol used by Apple devices through the 1980s and 90s. AppleTalk included features that allowed local area networks to be established ad hoc without the requirement for a centralized router or server. The AppleTalk system automatically assigned addresses, updated the distributed namespace, and configured any required inter-network routing. It was a plug-n-play system.","40.968","5"
"sq-1628","Legislative power in Warsaw is vested in a unicameral Warsaw City Council (Rada Miasta), which comprises 60 members. Council members are elected directly every four years. Like most legislative bodies, the City Council divides itself into committees which have the oversight of various functions of the city government. Bills passed by a simple majority are sent to the mayor (the President of Warsaw), who may sign them into law. If the mayor vetoes a bill, the Council has 30 days to override the veto by a two-thirds majority vote.","41.376","5"
"sq-0819","Sky UK Limited (formerly British Sky Broadcasting or BSkyB) is a British telecommunications company which serves the United Kingdom. Sky provides television and broadband internet services and fixed line telephone services to consumers and businesses in the United Kingdom. It is the UK's largest pay-TV broadcaster with 11 million customers as of 2015. It was the UK's most popular digital TV service until it was overtaken by Freeview in April 2007. Its corporate headquarters are based in Isleworth.","41.616","5"
"sq-4398","Pharmacists provide direct patient care services that optimizes the use of medication and promotes health, wellness, and disease prevention. Clinical pharmacists care for patients in all health care settings, but the clinical pharmacy movement initially began inside hospitals and clinics. Clinical pharmacists often collaborate with physicians and other healthcare professionals to improve pharmaceutical care. Clinical pharmacists are now an integral part of the interdisciplinary approach to patient care. They often participate in patient care rounds drug product selection.","41.904","5"
"sq-2072","As an incentive for absolute obedience and following his rule of law, the Yassa code, Temüjin promised civilians and soldiers wealth from future possible war spoils. As he defeated rival tribes, he did not drive away enemy soldiers and abandon the rest. Instead, he took the conquered tribe under his protection and integrated its members into his own tribe. He would even have his mother adopt orphans from the conquered tribe, bringing them into his family. These political innovations inspired great loyalty among the conquered people, making Temüjin stronger with each victory.","41.952","5"
"sq-4437","Kenya has proven deposits of oil in Turkana and the commercial viability was just discovered. Tullow Oil estimates Kenya's oil reserves to be around 10 billion barrels. Exploration is still continuing to determine if there are more reserves. Kenya currently imports all crude petroleum requirements. Kenya, east Africa's largest economy, has no strategic reserves and relies solely on oil marketers' 21-day oil reserves required under industry regulations. Petroleum accounts for 20% to 25% of the national import bill.","41.976","5"
"sq-0525","In 1872, the Central Pacific Railroad established a station near Easterby's—by now a hugely productive wheat farm—for its new Southern Pacific line. Soon there was a store around the station and the store grew the town of Fresno Station, later called Fresno. Many Millerton residents, drawn by the convenience of the railroad and worried about flooding, moved to the new community. Fresno became an incorporated city in 1885. By 1931 the Fresno Traction Company operated 47 streetcars over 49 miles of track.","42.168","5"
"sq-5092","Doctor Who is a British science-fiction television programme produced by the BBC since 1963. The programme depicts the adventures of the Doctor, a Time Lord—a space and time-travelling humanoid alien. He explores the universe in his TARDIS, a sentient time-travelling space ship. Its exterior appears as a blue British police box, which was a common sight in Britain in 1963 when the series first aired. Accompanied by companions, the Doctor combats a variety of foes, while working to save civilisations and help people in need.","42.432","5"
"sq-4420","Lead fusible plugs may be present in the crown of the boiler's firebox. If the water level drops, such that the temperature of the firebox crown increases significantly, the lead melts and the steam escapes, warning the operators, who may then manually suppress the fire. Except in the smallest of boilers the steam escape has little effect on dampening the fire. The plugs are also too small in area to lower steam pressure significantly, depressurizing the boiler. If they were any larger, the volume of escaping steam would itself endanger the crew.[citation needed]","42.984","5"
"sq-1443","In general, there are three sectors of construction: buildings, infrastructure and industrial. Building construction is usually further divided into residential and non-residential (commercial/institutional). Infrastructure is often called heavy/highway, heavy civil or heavy engineering. It includes large public works, dams, bridges, highways, water/wastewater and utility distribution. Industrial includes refineries, process chemical, power generation, mills and manufacturing plants. There are other ways to break the industry into sectors or markets.","43.200","5"
"sq-4758","are prime for any natural number n. Here  represents the floor function, i.e., largest integer not greater than the number in question. The latter formula can be shown using Bertrand's postulate (proven first by Chebyshev), which states that there always exists at least one prime number p with n < p < 2n − 2, for any natural number n > 3. However, computing A or μ requires the knowledge of infinitely many primes to begin with. Another formula is based on Wilson's theorem and generates the number 2 many times and all other primes exactly once.","43.368","5"
"sq-3854","Much of the work of the Scottish Parliament is done in committee. The role of committees is stronger in the Scottish Parliament than in other parliamentary systems, partly as a means of strengthening the role of backbenchers in their scrutiny of the government and partly to compensate for the fact that there is no revising chamber. The principal role of committees in the Scottish Parliament is to take evidence from witnesses, conduct inquiries and scrutinise legislation. Committee meetings take place on Tuesday, Wednesday and Thursday morning when Parliament is sitting. Committees can also meet at other locations throughout Scotland.","43.512","5"
"sq-1487","Each chapter has a number of authors who are responsible for writing and editing the material. A chapter typically has two ""coordinating lead authors"", ten to fifteen ""lead authors"", and a somewhat larger number of ""contributing authors"". The coordinating lead authors are responsible for assembling the contributions of the other authors, ensuring that they meet stylistic and formatting requirements, and reporting to the Working Group chairs. Lead authors are responsible for writing sections of chapters. Contributing authors prepare text, graphs or data for inclusion by the lead authors.","43.536","5"
"sq-2499","The embargo had a negative influence on the US economy by causing immediate demands to address the threats to U.S. energy security. On an international level, the price increases changed competitive positions in many industries, such as automobiles. Macroeconomic problems consisted of both inflationary and deflationary impacts. The embargo left oil companies searching for new ways to increase oil supplies, even in rugged terrain such as the Arctic. Finding oil and developing new fields usually required five to ten years before significant production.","43.896","5"
"sq-4471","Politically, Victoria has 37 seats in the Australian House of Representatives and 12 seats in the Australian Senate. At state level, the Parliament of Victoria consists of the Legislative Assembly (the lower house) and the Legislative Council (the upper house). Victoria is currently governed by the Labor Party, with Daniel Andrews the current Premier. The personal representative of the Queen of Australia in the state is the Governor of Victoria, currently Linda Dessau. Local government is concentrated in 79 municipal districts, including 33 cities, although a number of unincorporated areas still exist, which are administered directly by the state.","50.184","5"
"sq-0005","According to geographic scholars under colonizing empires, the world could be split into climatic zones. These scholars believed that Northern Europe and the Mid-Atlantic temperate climate produced a hard-working, moral, and upstanding human being. Alternatively, tropical climates yielded lazy attitudes, sexual promiscuity, exotic culture, and moral degeneracy. The people of these climates were believed to be in need of guidance and intervention from the European empire to aid in the governing of a more evolved social structure; they were seen as incapable of such a feat. Similarly, orientalism is a view of a people based on their geographical location. ","50.280","5"
"sq-3555","The common allotrope of elemental oxygen on Earth is called dioxygen, O
2. It is the form that is a major part of the Earth's atmosphere (see Occurrence). O2 has a bond length of 121 pm and a bond energy of 498 kJ·mol−1, which is smaller than the energy of other double bonds or pairs of single bonds in the biosphere and responsible for the exothermic reaction of O2 with any organic molecule. Due to its energy content, O2 is used by complex forms of life, such as animals, in cellular respiration (see Biological role). Other aspects of O
2 are covered in the remainder of this article.","50.376","5"
"sq-0176","Throughout the Middle Ages, Newcastle was England's northern fortress. Incorporated first by Henry II, the city had a new charter granted by Elizabeth in 1589. A 25-foot (7.6 m) high stone wall was built around the town in the 13th century, to defend it from invaders during the Border war against Scotland. The Scots king William the Lion was imprisoned in Newcastle in 1174, and Edward I brought the Stone of Scone and William Wallace south through the town. Newcastle was successfully defended against the Scots three times during the 14th century, and was created a county corporate with its own sheriff by Henry IV in 1400.","50.640","5"
"sq-3032","Religiously affiliated and denominational schools form a subcategory of private schools. Some such schools teach religious education, together with the usual academic subjects to impress their particular faith's beliefs and traditions in the students who attend. Others use the denomination as more of a general label to describe on what the founders based their belief, while still maintaining a fine distinction between academics and religion. They include parochial schools, a term which is often used to denote Roman Catholic schools. Other religious groups represented in the K-12 private education sector include Protestants, Jews, Muslims and the Orthodox Christians.","50.664","5"
"sq-0774","British settlers outnumbered the French 20 to 1 with a population of about 1.5 million ranged along the eastern coast of the continent, from Nova Scotia and Newfoundland in the north, to Georgia in the south. Many of the older colonies had land claims that extended arbitrarily far to the west, as the extent of the continent was unknown at the time their provincial charters were granted. While their population centers were along the coast, the settlements were growing into the interior. Nova Scotia, which had been captured from France in 1713, still had a significant French-speaking population. Britain also claimed Rupert's Land, where the Hudson's Bay Company traded for furs with local tribes.","50.712","5"
"sq-3647","The adaptive immune system evolved in early vertebrates and allows for a stronger immune response as well as immunological memory, where each pathogen is ""remembered"" by a signature antigen. The adaptive immune response is antigen-specific and requires the recognition of specific ""non-self"" antigens during a process called antigen presentation. Antigen specificity allows for the generation of responses that are tailored to specific pathogens or pathogen-infected cells. The ability to mount these tailored responses is maintained in the body by ""memory cells"". Should a pathogen infect the body more than once, these specific memory cells are used to quickly eliminate it.","50.880","5"
"sq-3390","Jacksonville is the most populous city in Florida, and the twelfth most populous city in the United States. As of 2010[update], there were 821,784 people and 366,273 households in the city. Jacksonville has the country's tenth-largest Arab population, with a total population of 5,751 according to the 2000 United States Census. Jacksonville has Florida's largest Filipino American community, with 25,033 in the metropolitan area as of the 2010 Census. Much of Jacksonville's Filipino community served in or has ties to the United States Navy.","50.928","5"
"sq-1122","European Union law is a body of treaties and legislation, such as Regulations and Directives, which have direct effect or indirect effect on the laws of European Union member states. The three sources of European Union law are primary law, secondary law and supplementary law. The main sources of primary law are the Treaties establishing the European Union. Secondary sources include regulations and directives which are based on the Treaties. The legislature of the European Union is principally composed of the European Parliament and the Council of the European Union, which under the Treaties may establish secondary law to pursue the objective set out in the Treaties.","51.144","5"
"sq-1158","Apicomplexans are another group of chromalveolates. Like the helicosproidia, they're parasitic, and have a nonphotosynthetic chloroplast. They were once thought to be related to the helicosproidia, but it is now known that the helicosproida are green algae rather than chromalveolates. The apicomplexans include Plasmodium, the malaria parasite. Many apicomplexans keep a vestigial red algal derived chloroplast called an apicoplast, which they inherited from their ancestors. Other apicomplexans like Cryptosporidium have lost the chloroplast completely. Apicomplexans store their energy in amylopectin starch granules that are located in their cytoplasm, even though they are nonphotosynthetic.","51.216","5"
"sq-0714","Newton's Third Law is a result of applying symmetry to situations where forces can be attributed to the presence of different objects. The third law means that all forces are interactions between different bodies,[Note 3] and thus that there is no such thing as a unidirectional force or a force that acts on only one body. Whenever a first body exerts a force F on a second body, the second body exerts a force −F on the first body. F and −F are equal in magnitude and opposite in direction. This law is sometimes referred to as the action-reaction law, with F called the ""action"" and −F the ""reaction"". The action and the reaction are simultaneous:","51.864","5"
"sq-3234","Western medicine was also practiced in China by the Nestorian Christians of the Yuan court, where it was sometimes labeled as huihui or Muslim medicine. The Nestorian physician Jesus the Interpreter founded the Office of Western Medicine in 1263 during the reign of Kublai. Huihui doctors staffed at two imperial hospitals were responsible for treating the imperial family and members of the court. Chinese physicians opposed Western medicine because its humoral system contradicted the yin-yang and wuxing philosophy underlying traditional Chinese medicine. No Chinese translation of Western medical works is known, but it is possible that the Chinese had access to Avicenna's The Canon of Medicine.","52.128","5"
"sq-4265","Medical knowledge had stagnated during the Middle Ages. The most authoritative account at the time came from the medical faculty in Paris in a report to the king of France that blamed the heavens, in the form of a conjunction of three planets in 1345 that caused a ""great pestilence in the air"". This report became the first and most widely circulated of a series of plague tracts that sought to give advice to sufferers. That the plague was caused by bad air became the most widely accepted theory. Today, this is known as the Miasma theory. The word 'plague' had no special significance at this time, and only the recurrence of outbreaks during the Middle Ages gave it the name that has become the medical term.","52.224","5"
"sq-3739","Most of the Huguenot congregations (or individuals) in North America eventually affiliated with other Protestant denominations with more numerous members. The Huguenots adapted quickly and often married outside their immediate French communities, which led to their assimilation. Their descendants in many families continued to use French first names and surnames for their children well into the nineteenth century. Assimilated, the French made numerous contributions to United States economic life, especially as merchants and artisans in the late Colonial and early Federal periods. For example, E.I. du Pont, a former student of Lavoisier, established the Eleutherian gunpowder mills.","53.376","5"
"sq-3541","The largest single sensory feature is the aboral organ (at the opposite end from the mouth). Its main component is a statocyst, a balance sensor consisting of a statolith, a solid particle supported on four bundles of cilia, called ""balancers"", that sense its orientation. The statocyst is protected by a transparent dome made of long, immobile cilia. A ctenophore does not automatically try to keep the statolith resting equally on all the balancers. Instead its response is determined by the animal's ""mood"", in other words the overall state of the nervous system. For example, if a ctenophore with trailing tentacles captures prey, it will often put some comb rows into reverse, spinning the mouth towards the prey.","54.048","5"
"sq-5207","The Apollo program succeeded in achieving its goal of manned lunar landing, despite the major setback of a 1967 Apollo 1 cabin fire that killed the entire crew during a prelaunch test. After the first landing, sufficient flight hardware remained for nine follow-on landings with a plan for extended lunar geological and astrophysical exploration. Budget cuts forced the cancellation of three of these. Five of the remaining six missions achieved successful landings, but the Apollo 13 landing was prevented by an oxygen tank explosion in transit to the Moon, which disabled the command spacecraft's propulsion and life support. The crew returned to Earth safely by using the Lunar Module as a ""lifeboat"" for these functions.","54.504","5"
